{
    "loss": 0.4324491024017334,
    "accuracy": 0.8706896305084229
}