{
    "loss": 0.3404040038585663,
    "accuracy": 0.9224137663841248
}